cell,model,profile,concurrency,repeat,timestamp,json_mtime,wall_seconds,extractor_wall_s,extractor_active_s,llm_inference_s,warmup_s,chunks_per_sec,ok_per_sec,partial_per_sec,concurrency_actual,chunks_extracted,parse_ok,parse_partial,api_n,api_mean_s,api_p50_s,api_p95_s,api_p99_s,api_min_s,api_max_s,n_chunks,ok_pct,partial_pct,empty_pct,mean_missing_fields,slos_passed,slos_n_total,slos_n_pass,slos_n_fail
llama31_1200_c1_rep1,llama31,llama31_1200,1,1,2026-05-22T15:15:15,2026-05-22T10:15:15.475756,1933.4984230995178,1933.312,1933.289,1931.785,0.466,0.103,0.095,0.009,0.001,200,183,17,200,9.6584,9.5491,11.9579,13.9146,5.5378,14.2914,200,91.5,8.5,0.0,0.09,True,5,5,0
llama31_1200_c1_rep2,llama31,llama31_1200,1,2,2026-05-22T15:47:26,2026-05-22T10:47:26.156756,1925.7029416561127,1925.529,1925.504,1923.967,0.406,0.104,0.095,0.009,0.001,200,183,17,200,9.6192,9.477,11.9039,13.9356,5.4926,14.231,200,91.5,8.5,0.0,0.09,True,5,5,0
llama31_1200_c1_rep3,llama31,llama31_1200,1,3,2026-05-22T16:19:33,2026-05-22T11:19:33.673756,1923.2351818084717,1923.084,1923.058,1921.501,0.398,0.104,0.095,0.009,0.001,200,183,17,200,9.6069,9.4888,11.9122,13.9356,5.5527,14.2305,200,91.5,8.5,0.0,0.09,True,5,5,0
llama31_1200_c4_rep1,llama31,llama31_1200,4,1,2026-05-22T16:29:28,2026-05-22T11:29:28.489756,590.2260086536407,590.053,590.585,589.454,0.408,0.339,0.308,0.03,0.007,200,182,18,200,11.6621,11.4538,14.7001,16.5872,6.1235,18.187,200,91.0,9.0,0.0,0.1,True,5,5,0
llama31_1200_c4_rep2,llama31,llama31_1200,4,2,2026-05-22T16:39:23,2026-05-22T11:39:23.532756,590.5659489631653,590.412,591.156,589.812,0.397,0.338,0.308,0.03,0.007,200,182,18,200,11.6738,11.5079,14.7973,16.6809,6.0989,18.1504,200,91.0,9.0,0.0,0.1,True,5,5,0
llama31_1200_c4_rep3,llama31,llama31_1200,4,3,2026-05-22T16:49:18,2026-05-22T11:49:18.587756,590.7404017448425,590.585,591.193,589.992,0.401,0.338,0.308,0.03,0.007,200,182,18,200,11.6778,11.4966,14.6972,16.6037,6.103,18.2272,200,91.0,9.0,0.0,0.1,True,5,5,0
llama31_1200_c8_rep1,llama31,llama31_1200,8,1,2026-05-22T16:55:31,2026-05-22T11:55:31.931756,369.2875974178314,369.126,369.69,368.52,0.4,0.541,0.495,0.046,0.022,200,183,17,200,14.5046,14.3171,18.273,20.8764,8.1672,21.7317,200,91.5,8.5,0.0,0.09,True,5,5,0
llama31_1200_c8_rep2,llama31,llama31_1200,8,2,2026-05-22T17:01:46,2026-05-22T12:01:46.407756,370.0333695411682,369.85,370.314,369.285,0.405,0.54,0.491,0.049,0.022,200,182,18,200,14.5277,14.3364,18.3748,21.3609,8.1636,21.6574,200,91.0,9.0,0.0,0.09,True,5,5,0
llama31_1200_c8_rep3,llama31,llama31_1200,8,3,2026-05-22T17:08:00,2026-05-22T12:08:00.361756,369.63302206993103,369.49,370.009,368.872,0.405,0.541,0.492,0.049,0.022,200,182,18,200,14.5125,14.3703,18.4013,21.2774,8.1118,21.5907,200,91.0,9.0,0.0,0.09,True,5,5,0
llama31_1200_c12_rep1,llama31,llama31_1200,12,1,2026-05-22T17:13:02,2026-05-22T12:13:02.730756,298.06529450416565,297.883,298.363,297.309,0.402,0.67,0.62,0.05,0.04,200,185,15,200,17.5247,17.1924,22.5285,25.4392,10.103,27.2401,200,92.5,7.5,0.0,0.07,True,5,5,0
llama31_1200_c12_rep2,llama31,llama31_1200,12,2,2026-05-22T17:18:05,2026-05-22T12:18:05.800756,298.6183578968048,298.415,298.837,297.857,0.402,0.669,0.619,0.05,0.04,200,185,15,200,17.562,17.2262,22.5342,27.0342,10.1491,27.3881,200,92.5,7.5,0.0,0.07,True,5,5,0
llama31_1200_c12_rep3,llama31,llama31_1200,12,3,2026-05-22T17:23:08,2026-05-22T12:23:08.702756,298.5531439781189,298.353,298.789,297.794,0.398,0.669,0.619,0.05,0.04,200,185,15,200,17.5573,17.2286,22.5701,25.6179,10.1282,27.0478,200,92.5,7.5,0.0,0.07,True,5,5,0
llama31_1200_c16_rep1,llama31,llama31_1200,16,1,2026-05-22T17:27:33,2026-05-22T12:27:33.005756,260.0579843521118,259.861,260.305,259.298,0.401,0.768,0.711,0.058,0.061,200,185,15,200,20.2848,19.966,26.0299,30.0229,10.8934,32.7849,200,92.5,7.5,0.0,0.07,True,5,5,0
llama31_1200_c16_rep2,llama31,llama31_1200,16,2,2026-05-22T17:31:57,2026-05-22T12:31:57.794756,260.6175856590271,260.473,261.011,259.864,0.4,0.766,0.709,0.057,0.061,200,185,15,200,20.3314,20.0018,26.3788,30.1288,10.9951,32.7775,200,92.5,7.5,0.0,0.07,True,5,5,0
llama31_1200_c16_rep3,llama31,llama31_1200,16,3,2026-05-22T17:36:23,2026-05-22T12:36:23.464756,260.85730481147766,260.716,261.228,260.153,0.404,0.766,0.704,0.061,0.061,200,184,16,200,20.3556,20.0458,26.4426,30.2115,10.5707,32.9189,200,92.0,8.0,0.0,0.08,True,5,5,0
llama31_1200_c24_rep1,llama31,llama31_1200,24,1,2026-05-22T17:40:14,2026-05-22T12:40:14.945756,227.17085790634155,226.932,227.416,226.334,0.409,0.879,0.8,0.079,0.106,200,182,18,200,26.4005,26.3931,35.2072,39.3923,14.758,40.248,200,91.0,9.0,0.0,0.09,True,5,5,0
llama31_1200_c24_rep2,llama31,llama31_1200,24,2,2026-05-22T17:44:05,2026-05-22T12:44:05.943756,226.87285709381104,226.362,226.904,225.754,0.408,0.881,0.802,0.079,0.106,200,182,18,200,26.349,26.2483,35.1286,38.9477,14.3836,39.8557,200,91.0,9.0,0.0,0.09,True,5,5,0
llama31_1200_c24_rep3,llama31,llama31_1200,24,3,2026-05-22T17:47:57,2026-05-22T12:47:57.029756,226.90464687347412,226.746,227.185,226.15,0.415,0.88,0.806,0.075,0.106,200,183,17,200,26.3982,26.3137,35.1519,39.107,14.3746,40.2311,200,91.5,8.5,0.0,0.09,True,5,5,0
mistral_3000_c1_rep1,mistral,mistral_3000,1,1,2026-05-21T22:08:25,2026-05-21T17:08:25.113155,991.7285404205322,991.579,991.567,990.407,0.673,0.101,0.073,0.028,0.001,100,72,28,100,9.9036,9.6154,12.9715,15.1591,6.7516,20.342,100,72.0,28.0,0.0,0.44,True,5,5,0
mistral_3000_c1_rep2,mistral,mistral_3000,1,2,2026-05-21T22:24:59,2026-05-21T17:24:59.180155,989.7225079536438,989.551,989.538,988.42,0.623,0.101,0.073,0.028,0.001,100,72,28,100,9.8837,9.6218,12.9094,15.2038,6.7875,20.137,100,72.0,28.0,0.0,0.44,True,5,5,0
mistral_3000_c1_rep3,mistral,mistral_3000,1,3,2026-05-21T22:41:33,2026-05-21T17:41:33.457155,990.1344029903412,989.962,989.948,988.84,0.639,0.101,0.073,0.028,0.001,100,72,28,100,9.8879,9.6182,12.9703,15.1917,6.6456,20.3069,100,72.0,28.0,0.0,0.44,True,5,5,0
mistral_3000_c4_rep1,mistral,mistral_3000,4,1,2026-05-21T22:47:46,2026-05-21T17:47:46.561155,368.64818572998047,368.483,368.7,367.682,0.626,0.271,0.195,0.076,0.011,100,72,28,100,14.6518,14.1203,19.4194,23.8709,8.7173,30.1441,100,72.0,28.0,0.0,0.46,True,5,5,0
mistral_3000_c4_rep2,mistral,mistral_3000,4,2,2026-05-21T22:54:00,2026-05-21T17:54:00.011155,368.89714002609253,368.753,368.942,368.0,0.624,0.271,0.195,0.076,0.011,100,72,28,100,14.665,14.0714,19.3829,23.844,8.7423,30.0436,100,72.0,28.0,0.0,0.46,True,5,5,0
mistral_3000_c4_rep3,mistral,mistral_3000,4,3,2026-05-21T23:00:13,2026-05-21T18:00:13.646155,368.77317237854004,368.585,368.792,367.793,0.634,0.271,0.195,0.076,0.011,100,72,28,100,14.6561,14.0575,19.4353,23.7737,8.7768,30.1123,100,72.0,28.0,0.0,0.46,True,5,5,0
mistral_3000_c8_rep1,mistral,mistral_3000,8,1,2026-05-21T23:04:48,2026-05-21T18:04:48.356155,270.0777816772461,269.908,270.144,269.11,0.628,0.37,0.274,0.096,0.03,100,74,26,100,21.2714,20.2144,28.1286,43.3693,9.9671,45.1301,100,74.0,26.0,0.0,0.39,True,5,5,0
mistral_3000_c8_rep2,mistral,mistral_3000,8,2,2026-05-21T23:09:21,2026-05-21T18:09:21.557155,268.56835746765137,268.425,268.64,267.631,0.638,0.372,0.275,0.097,0.03,100,74,26,100,21.1356,20.385,28.1987,42.959,9.9697,45.2578,100,74.0,26.0,0.0,0.39,True,5,5,0
mistral_3000_c8_rep3,mistral,mistral_3000,8,3,2026-05-21T23:13:54,2026-05-21T18:13:54.859155,269.2502543926239,269.088,269.273,268.277,0.622,0.371,0.275,0.097,0.03,100,74,26,100,21.2066,20.328,28.2566,42.9902,9.8058,45.2444,100,74.0,26.0,0.0,0.39,True,5,5,0
mistral_3000_c12_rep1,mistral,mistral_3000,12,1,2026-05-21T23:17:57,2026-05-21T18:17:57.114155,237.57520055770874,237.417,237.634,236.638,0.626,0.421,0.303,0.118,0.05,100,72,28,100,27.6971,27.2528,38.5539,44.1579,10.5432,58.7194,100,72.0,28.0,0.0,0.46,True,5,5,0
mistral_3000_c12_rep2,mistral,mistral_3000,12,2,2026-05-21T23:21:57,2026-05-21T18:21:57.974155,236.7165310382843,236.535,236.733,235.737,0.642,0.422,0.304,0.118,0.051,100,72,28,100,27.611,27.3544,38.4241,44.9018,10.6361,58.8455,100,72.0,28.0,0.0,0.46,True,5,5,0
mistral_3000_c12_rep3,mistral,mistral_3000,12,3,2026-05-21T23:25:59,2026-05-21T18:25:59.065155,236.73840141296387,236.588,236.756,235.822,0.634,0.422,0.304,0.118,0.051,100,72,28,100,27.6131,26.9794,38.4899,44.5975,10.836,58.8047,100,72.0,28.0,0.0,0.46,True,5,5,0
mistral_3000_c16_rep1,mistral,mistral_3000,16,1,2026-05-21T23:29:39,2026-05-21T18:29:39.041155,215.30219173431396,215.135,215.373,214.331,0.626,0.464,0.334,0.13,0.074,100,72,28,100,33.4232,32.9911,46.4668,52.5324,13.0507,69.969,100,72.0,28.0,0.0,0.46,False,5,4,1
mistral_3000_c16_rep2,mistral,mistral_3000,16,2,2026-05-21T23:33:19,2026-05-21T18:33:19.464155,215.98727369308472,215.81,216.012,215.053,0.617,0.463,0.333,0.13,0.074,100,72,28,100,33.5642,33.0806,47.473,52.5669,13.1985,70.1533,100,72.0,28.0,0.0,0.46,False,5,4,1
mistral_3000_c16_rep3,mistral,mistral_3000,16,3,2026-05-21T23:37:00,2026-05-21T18:37:00.441155,216.5809190273285,216.439,216.611,215.662,0.629,0.462,0.332,0.129,0.074,100,72,28,100,33.559,33.3804,46.5331,52.6453,13.0951,70.4066,100,72.0,28.0,0.0,0.46,False,5,4,1
mistral_3000_c24_rep1,mistral,mistral_3000,24,1,2026-05-21T23:40:26,2026-05-21T18:40:26.641155,200.94833183288574,200.774,200.978,199.948,0.654,0.498,0.358,0.139,0.119,100,72,28,100,46.1152,45.8476,66.6153,74.2605,14.877,96.0788,100,72.0,28.0,0.0,0.44,False,5,3,2
mistral_3000_c24_rep2,mistral,mistral_3000,24,2,2026-05-21T23:43:51,2026-05-21T18:43:51.212155,200.6397385597229,200.497,200.756,199.677,0.624,0.498,0.359,0.139,0.12,100,72,28,100,46.0297,45.5968,68.2133,74.0279,14.4797,94.7703,100,72.0,28.0,0.0,0.44,False,5,3,2
mistral_3000_c24_rep3,mistral,mistral_3000,24,3,2026-05-21T23:47:16,2026-05-21T18:47:16.208155,200.55757451057434,200.393,200.581,199.625,0.622,0.499,0.359,0.14,0.12,100,72,28,100,46.0481,46.0002,68.3917,74.218,14.695,94.9201,100,72.0,28.0,0.0,0.44,False,5,3,2
qwen_500_c1_rep1,qwen,qwen_500,1,1,2026-05-22T00:32:55,2026-05-21T19:32:55.086155,2664.6256532669067,2664.468,2664.427,2662.784,0.357,0.175,0.111,0.065,0.0,467,295,172,467,5.7015,5.7169,7.7568,9.5751,2.3532,13.0267,467,63.17,36.83,0.0,1.28,False,5,4,1
qwen_500_c1_rep2,qwen,qwen_500,1,2,2026-05-22T01:17:11,2026-05-21T20:17:11.945155,2652.290181875229,2652.117,2652.074,2650.111,0.302,0.176,0.111,0.065,0.0,467,295,172,467,5.6744,5.6776,7.6658,9.5049,2.3357,13.0279,467,63.17,36.83,0.0,1.28,False,5,4,1
qwen_500_c1_rep3,qwen,qwen_500,1,3,2026-05-22T02:01:27,2026-05-21T21:01:27.720155,2651.2197058200836,2651.058,2651.013,2648.966,0.304,0.176,0.111,0.065,0.0,467,295,172,467,5.6719,5.6955,7.6343,9.396,2.3185,12.9578,467,63.17,36.83,0.0,1.28,False,5,4,1
qwen_500_c4_rep1,qwen,qwen_500,4,1,2026-05-22T02:13:52,2026-05-21T21:13:52.384155,740.3770432472229,740.19,741.383,739.663,0.303,0.63,0.394,0.236,0.005,467,292,175,467,6.3154,6.3846,8.3748,9.9192,2.4441,12.039,467,62.53,37.47,0.0,1.3,False,5,4,1
qwen_500_c4_rep2,qwen,qwen_500,4,2,2026-05-22T02:26:17,2026-05-21T21:26:17.163155,740.646360874176,740.505,741.584,739.989,0.298,0.63,0.394,0.236,0.005,467,292,175,467,6.3179,6.3688,8.4936,9.9594,2.463,12.0702,467,62.53,37.47,0.0,1.3,False,5,4,1
qwen_500_c4_rep3,qwen,qwen_500,4,3,2026-05-22T02:38:39,2026-05-21T21:38:39.724155,738.4117619991302,738.184,739.321,737.677,0.311,0.632,0.395,0.237,0.005,467,292,175,467,6.2984,6.3554,8.4052,9.9714,2.4433,11.8776,467,62.53,37.47,0.0,1.3,False,5,4,1
qwen_500_c8_rep1,qwen,qwen_500,8,1,2026-05-22T02:45:47,2026-05-21T21:45:47.749155,423.9946539402008,423.847,425.205,423.318,0.3,1.098,0.687,0.412,0.019,467,292,175,467,7.2143,7.268,9.6584,11.2314,2.9046,14.1395,467,62.53,37.47,0.0,1.3,False,5,4,1
qwen_500_c8_rep2,qwen,qwen_500,8,2,2026-05-22T02:52:55,2026-05-21T21:52:55.488155,423.7900857925415,423.598,424.711,423.088,0.301,1.1,0.69,0.41,0.019,467,293,174,467,7.2086,7.2786,9.6375,11.2749,2.876,14.176,467,62.74,37.26,0.0,1.29,False,5,4,1
qwen_500_c8_rep3,qwen,qwen_500,8,3,2026-05-22T03:00:03,2026-05-21T22:00:03.414155,423.5609128475189,423.365,424.465,422.858,0.306,1.1,0.688,0.412,0.019,467,292,175,467,7.2056,7.2706,9.6414,11.0473,2.8783,13.9235,467,62.53,37.47,0.0,1.3,False,5,4,1
qwen_500_c12_rep1,qwen,qwen_500,12,1,2026-05-22T03:05:28,2026-05-21T22:05:28.079155,320.0460059642792,319.883,321.154,319.354,0.303,1.454,0.906,0.548,0.037,467,291,176,467,8.1462,8.1913,10.9649,12.9215,2.7974,15.4384,467,62.31,37.69,0.0,1.31,False,5,4,1
qwen_500_c12_rep2,qwen,qwen_500,12,2,2026-05-22T03:10:52,2026-05-21T22:10:52.396155,319.850239276886,319.68,320.913,319.16,0.299,1.455,0.907,0.548,0.037,467,291,176,467,8.1428,8.1987,10.9529,12.6652,2.803,15.3744,467,62.31,37.69,0.0,1.31,False,5,4,1
qwen_500_c12_rep3,qwen,qwen_500,12,3,2026-05-22T03:16:18,2026-05-21T22:16:18.112155,321.69396018981934,321.513,322.578,321.017,0.301,1.448,0.902,0.546,0.037,467,291,176,467,8.1862,8.2518,11.062,12.952,2.7809,15.6004,467,62.31,37.69,0.0,1.31,False,5,4,1
qwen_500_c16_rep1,qwen,qwen_500,16,1,2026-05-22T03:20:50,2026-05-21T22:20:50.591155,268.3914430141449,268.195,269.626,267.62,0.301,1.732,1.076,0.656,0.059,467,290,177,467,9.045,9.0829,12.4288,14.465,3.3191,16.6358,467,62.1,37.9,0.0,1.31,False,5,4,1
qwen_500_c16_rep2,qwen,qwen_500,16,2,2026-05-22T03:25:24,2026-05-21T22:25:24.488155,269.548828125,269.375,270.642,268.852,0.299,1.726,1.079,0.647,0.059,467,292,175,467,9.0813,9.1267,12.4644,14.6415,3.4572,16.8305,467,62.53,37.47,0.0,1.31,False,5,4,1
qwen_500_c16_rep3,qwen,qwen_500,16,3,2026-05-22T03:29:58,2026-05-21T22:29:58.298155,268.9742684364319,268.802,270.049,268.298,0.302,1.729,1.078,0.652,0.059,467,291,176,467,9.0629,9.1081,12.4773,14.7528,3.4694,17.1248,467,62.31,37.69,0.0,1.3,False,5,4,1
qwen_500_c24_rep1,qwen,qwen_500,24,1,2026-05-22T03:33:47,2026-05-21T22:33:47.703155,225.00081038475037,224.821,226.008,224.321,0.301,2.066,1.296,0.77,0.106,467,293,174,467,11.3301,11.3424,15.276,18.7598,4.2229,27.4694,467,62.74,37.26,0.0,1.33,False,5,4,1
qwen_500_c24_rep2,qwen,qwen_500,24,2,2026-05-22T03:37:37,2026-05-21T22:37:37.282155,225.58354544639587,225.43,226.64,224.902,0.301,2.061,1.284,0.777,0.106,467,291,176,467,11.3599,11.3508,15.2926,18.8625,4.2248,27.7695,467,62.31,37.69,0.0,1.34,False,5,4,1
qwen_500_c24_rep3,qwen,qwen_500,24,3,2026-05-22T03:41:26,2026-05-21T22:41:26.273155,224.92844438552856,224.774,225.853,224.271,0.304,2.068,1.297,0.77,0.106,467,293,174,467,11.3331,11.3752,15.228,18.8861,4.1951,27.3213,467,62.74,37.26,0.0,1.32,False,5,4,1
