model,profile,concurrency,n_repeats,wall_seconds_mean,wall_seconds_stdev,wall_seconds_cv,extractor_active_s_mean,extractor_active_s_stdev,extractor_active_s_cv,llm_inference_s_mean,llm_inference_s_stdev,llm_inference_s_cv,chunks_per_sec_mean,chunks_per_sec_stdev,chunks_per_sec_cv,ok_per_sec_mean,ok_per_sec_stdev,ok_per_sec_cv,partial_per_sec_mean,partial_per_sec_stdev,partial_per_sec_cv,api_mean_s_mean,api_mean_s_stdev,api_mean_s_cv,api_p50_s_mean,api_p50_s_stdev,api_p50_s_cv,api_p95_s_mean,api_p95_s_stdev,api_p95_s_cv,api_p99_s_mean,api_p99_s_stdev,api_p99_s_cv,ok_pct_mean,ok_pct_stdev,ok_pct_cv,partial_pct_mean,partial_pct_stdev,partial_pct_cv,empty_pct_mean,empty_pct_stdev,empty_pct_cv,mean_missing_fields_mean,mean_missing_fields_stdev,mean_missing_fields_cv
llama31,llama31_1200,1,3,1927.4788488547008,4.37408392184819,0.0022693291417684044,1927.2836666666665,4.36224333215021,0.0022634152966672146,1925.7510000000002,4.383845800207881,0.0022764343885621147,0.10366666666666667,0.00047140452079103207,0.004547310489945647,0.09500000000000001,1.3877787807814457e-17,1.460819769243627e-16,0.009,0.0,0.0,9.628166666666667,0.021960014167168453,0.0022808095172672316,9.504966666666666,0.03157660878280314,0.0033221167301449215,11.924666666666667,0.023742554388458147,0.00199104554048679,13.928600000000001,0.009899494936612041,0.0007107315118972503,91.5,0.0,0.0,8.5,0.0,0.0,0.0,0.0,,0.09000000000000001,1.3877787807814457e-17,1.541976423090495e-16
llama31,llama31_1200,4,3,590.5107864538828,0.21359188482053323,0.00036170699963533035,590.978,0.2783031919807043,0.0004709197160989146,589.7526666666666,0.2236087853571345,0.0003791568872778326,0.3383333333333334,0.00047140452079103207,0.0013933138545547744,0.308,0.0,0.0,0.03,0.0,0.0,11.671233333333333,0.0066614979963631185,0.0005707621299402622,11.4861,0.02330078682505545,0.002028607344969611,14.731533333333333,0.04651912390500122,0.003157792393527799,16.623933333333337,0.04084085644982998,0.0024567504952596442,91.0,0.0,0.0,9.0,0.0,0.0,0.0,0.0,,0.10000000000000002,1.3877787807814457e-17,1.3877787807814454e-16
llama31,llama31_1200,8,3,369.65132967631024,0.3047352854802217,0.0008243857414149354,370.0043333333333,0.2547683043255064,0.0006885549205068042,368.8923333333334,0.3126407238704406,0.0008475121210717505,0.5406666666666666,0.00047140452079103207,0.0008718949213151026,0.49266666666666664,0.0016996731711975965,0.0034499455437028348,0.04800000000000001,0.0014142135623730961,0.029462782549439497,14.514933333333332,0.009586216957463041,0.0006604382353895098,14.341266666666668,0.02198974508467294,0.0015333195871591728,18.349700000000002,0.05530358638159608,0.0030138686943980597,21.171566666666667,0.21147983880791635,0.009988861104968598,91.16666666666667,0.23570226039551584,0.0025853995655815264,8.833333333333334,0.23570226039551584,0.02668327476175651,0.0,0.0,,0.09000000000000001,1.3877787807814457e-17,1.541976423090495e-16
llama31,llama31_1200,12,3,298.41226545969647,0.24678580021827537,0.0008269961686665531,298.663,0.21303520835767442,0.0007132962849689263,297.65333333333336,0.24483509189292785,0.0008225511508676575,0.6693333333333333,0.00047140452079103207,0.000704289622695765,0.6193333333333333,0.00047140452079103207,0.0007611483112879958,0.05000000000000001,6.938893903907228e-18,1.3877787807814454e-16,17.548000000000002,0.016586942655796993,0.0009452326564735008,17.215733333333333,0.01652822501729165,0.0009600651158605879,22.54426666666667,0.018414547389375483,0.0008168173159787328,26.03043333333333,0.7135096651217989,0.027410594974925463,92.5,0.0,0.0,7.5,0.0,0.0,0.0,0.0,,0.07,0.0,0.0
llama31,llama31_1200,16,3,260.5109582742055,0.33491824732375336,0.0012856205725182168,260.848,0.3940465285555362,0.001510636572086181,259.7716666666667,0.3551059309871144,0.001366992542118839,0.7666666666666666,0.0009428090415820641,0.0012297509238026925,0.7079999999999999,0.0029439202887759515,0.004158079503920837,0.058666666666666666,0.0016996731711975933,0.02897170178177716,20.323933333333333,0.02938223197028286,0.001445696140032746,20.00453333333333,0.032635495331854926,0.0016314049814636147,26.283766666666665,0.18139059757575202,0.006901240597520346,30.121066666666668,0.07718956463725482,0.002562643796498624,92.33333333333333,0.23570226039551584,0.002552732062045298,7.666666666666667,0.23570226039551584,0.030743773095067282,0.0,0.0,,0.07333333333333335,0.004714045207910314,0.06428243465332245
llama31,llama31_1200,24,3,226.9827872912089,0.13361777509008504,0.0005886691968349976,227.16833333333332,0.20935509441032404,0.0009215857304509463,226.07933333333332,0.2419990817246181,0.0010704166460355426,0.88,0.0008164965809277268,0.0009278370237815077,0.8026666666666668,0.0024944382578492965,0.0031076888594467975,0.07766666666666666,0.0018856180831641283,0.024278344418422255,26.382566666666666,0.023753783324393214,0.0009003590751617501,26.318366666666666,0.05920638103748241,0.002249622166426833,35.16256666666667,0.032962841031818575,0.0009374412665690476,39.149,0.1839207981713872,0.004697969250080135,91.16666666666667,0.23570226039551584,0.0025853995655815264,8.833333333333334,0.23570226039551584,0.02668327476175651,0.0,0.0,,0.09000000000000001,1.3877787807814457e-17,1.541976423090495e-16
mistral,mistral_3000,1,3,990.5284837881724,0.8650689070692902,0.0008733407683148342,990.351,0.8759821154947584,0.000884516818274287,989.2223333333333,0.855054124342781,0.0008643700162546348,0.10100000000000002,1.3877787807814457e-17,1.3740383968133123e-16,0.073,0.0,0.0,0.028,0.0,0.0,9.891733333333335,0.008564396586385943,0.0008658135331575803,9.618466666666668,0.0026195843605855682,0.000272349476415392,12.9504,0.02899551689485834,0.002238966896378362,15.184866666666666,0.01887755869338537,0.0012431823807070221,72.0,0.0,0.0,28.0,0.0,0.0,0.0,0.0,,0.44,0.0,0.0
mistral,mistral_3000,4,3,368.77283271153766,0.10163544958467083,0.0002756044929811094,368.8113333333333,0.09973743307082542,0.00027042941487018317,367.825,0.1317801198967367,0.0003582685241534336,0.271,0.0,0.0,0.19499999999999998,2.7755575615628914e-17,1.4233628520835341e-16,0.076,0.0,0.0,14.657633333333335,0.005496867794985807,0.0003750174172037191,14.083066666666667,0.026932549493544768,0.0019124065894888969,19.412533333333332,0.021936321984832755,0.0011300082069745023,23.829533333333334,0.040979046136069876,0.0017196747230776603,72.0,0.0,0.0,28.0,0.0,0.0,0.0,0.0,,0.46,0.0,0.0
mistral,mistral_3000,8,3,269.29879784584045,0.6171751297999118,0.0022917856846624784,269.3523333333333,0.6165626939375781,0.002289056442568698,268.33933333333334,0.6054058326628866,0.002256120357543135,0.371,0.0008164965809277268,0.0022007994095086976,0.27466666666666667,0.00047140452079103207,0.001716278595112981,0.09666666666666668,0.00047140452079103207,0.00487659849094171,21.204533333333334,0.0554593745206544,0.0026154489537137215,20.309133333333335,0.07091334304785112,0.003491697153391632,28.194633333333332,0.05233484074262154,0.0018561986646142426,43.106166666666674,0.18649883526594901,0.004326500120229101,74.0,0.0,0.0,26.0,0.0,0.0,0.0,0.0,,0.38999999999999996,5.551115123125783e-17,1.4233628520835341e-16
mistral,mistral_3000,12,3,237.01004433631897,0.3997255260415815,0.0016865341178299098,237.04099999999997,0.4194194400199642,0.0017693961804918315,236.06566666666666,0.40618578124903826,0.001720647424017773,0.42166666666666663,0.00047140452079103207,0.001117955385275175,0.3036666666666667,0.00047140452079103207,0.0015523749312547706,0.118,0.0,0.0,27.6404,0.04010211964472651,0.0014508516390763703,27.195533333333334,0.15835793493082576,0.005822939119812289,38.48930000000001,0.052992326488525573,0.001376806709618662,44.5524,0.3053656933361497,0.006854079540858623,72.0,0.0,0.0,28.0,0.0,0.0,0.0,0.0,,0.46,0.0,0.0
mistral,mistral_3000,16,3,215.9567948182424,0.522482914447165,0.0024193863170033935,215.99866666666665,0.5054993131108642,0.002340289043964149,215.01533333333336,0.5440308406290614,0.0025301955548707906,0.463,0.0008164965809277268,0.0017634915354810513,0.333,0.0008164965809277268,0.002451941684467648,0.12966666666666668,0.00047140452079103207,0.0036355104431184987,33.51546666666667,0.06527691441509308,0.0019476653887685609,33.1507,0.16648149046265398,0.005021960032899878,46.824299999999994,0.4594980522265576,0.009813239113591825,52.58153333333333,0.047238425978103724,0.0008983843373041688,72.0,0.0,0.0,28.0,0.0,0.0,0.0,0.0,,0.46,0.0,0.0
mistral,mistral_3000,24,3,200.71521496772766,0.16821679931756706,0.0008380869349870366,200.77166666666668,0.16245272816697012,0.0008091417024329633,199.75,0.14160743859934768,0.0007089233471807143,0.49833333333333335,0.00047140452079103207,0.0009459622490789941,0.3586666666666667,0.00047140452079103207,0.0013143248720939556,0.13933333333333334,0.00047140452079103207,0.0033832860343853974,46.06433333333334,0.03674419077290542,0.0007976711723366325,45.81486666666667,0.16630592960631893,0.0036299555516837822,67.7401,0.79868137994238,0.011790377928913302,74.16879999999999,0.10113083934520735,0.001363522658384757,72.0,0.0,0.0,28.0,0.0,0.0,0.0,0.0,,0.44,0.0,0.0
qwen,qwen_500,1,3,2656.0451803207397,6.083029219672689,0.0022902581871510606,2655.838,6.088766760737967,0.0022925971993540146,2653.953666666667,6.26146129554091,0.002359295632845478,0.17566666666666664,0.00047140452079103207,0.0026835171961538833,0.111,0.0,0.0,0.065,0.0,0.0,5.682600000000001,0.013403233440728704,0.002358644536080087,5.696666666666666,0.01606535264336124,0.002820132119958088,7.685633333333333,0.05193960167562168,0.00675801191950631,9.491999999999999,0.07368405526299424,0.007762753398966945,63.169999999999995,7.105427357601002e-15,1.1248104096249806e-16,36.83,0.0,0.0,0.0,0.0,,1.28,0.0,0.0
qwen,qwen_500,4,3,739.8117220401764,0.996008394690645,0.0013462998287509635,740.7626666666666,1.0227095818896241,0.0013806170692857419,739.1096666666667,1.0217531774139774,0.001382410788945588,0.6306666666666666,0.0009428090415820641,0.0014949403407749434,0.39433333333333337,0.00047140452079103207,0.0011954467982866407,0.2363333333333333,0.00047140452079103207,0.001994659467380954,6.310566666666666,0.00866346094557804,0.001372849920331197,6.369599999999999,0.011934264395707899,0.0018736285474296502,8.424533333333335,0.05038976968481695,0.005981312874084057,9.95,0.022323082224459743,0.002243525851704497,62.53,0.0,0.0,37.47,0.0,0.0,0.0,0.0,,1.3,0.0,0.0
qwen,qwen_500,8,3,423.7818841934204,0.17716900319812565,0.0004180664861012866,424.79366666666664,0.30770693127642734,0.000724367982439539,423.08799999999997,0.18779421361336862,0.00044386561096832963,1.0993333333333335,0.0009428090415820641,0.0008576188977399005,0.6883333333333334,0.0012472191289246088,0.0018119406231350249,0.41133333333333333,0.0009428090415820641,0.002292080327995294,7.209499999999999,0.003608323710533801,0.0005004956946437064,7.2724,0.00451072795307666,0.0006202530049332628,9.645766666666667,0.009073894178111164,0.0009407125935845255,11.184533333333334,0.09865023511826494,0.008820237034321051,62.6,0.09899494936611705,0.001581388967509857,37.4,0.09899494936611705,0.002646923779842702,0.0,0.0,,1.2966666666666666,0.004714045207910321,0.0036355104431184996
qwen,qwen_500,12,3,320.5300684769948,0.826867215603325,0.0025796868903195306,321.54833333333335,0.7347019047810259,0.002284887927002242,319.84366666666665,0.8334435927057167,0.0026057842613913984,1.452333333333333,0.0030912061651652695,0.00212844124294143,0.9050000000000001,0.0021602468994692888,0.002387013148584849,0.5473333333333333,0.0009428090415820641,0.0017225500150707628,8.1584,0.019706513305672843,0.0024154875105011817,8.213933333333333,0.02694566549352357,0.0032804826141179097,10.993266666666665,0.048848086508639574,0.004443455070252662,12.846233333333332,0.12861405660173966,0.010011810720268691,62.31,0.0,0.0,37.69,0.0,0.0,0.0,0.0,,1.31,0.0,0.0
qwen,qwen_500,16,3,268.97151319185895,0.4725045094929516,0.0017567083736332754,270.10566666666665,0.4167111976204013,0.0015427710301785648,268.25666666666666,0.5038103699695722,0.0018780907711628374,1.729,0.00244948974278318,0.0014167089316270561,1.0776666666666668,0.0012472191289246088,0.0011573329374493738,0.6516666666666667,0.0036817870057290905,0.005649801031809345,9.063066666666666,0.014819881540987326,0.0016351950268107182,9.1059,0.017948816116947333,0.001971119396978589,12.456833333333334,0.02051021425750758,0.0016465030645167376,14.619766666666669,0.11849462247526522,0.008105096693877824,62.31333333333333,0.17556258776351577,0.0028174160869292144,37.68666666666667,0.17556258776351577,0.004658480128166879,0.0,0.0,,1.3066666666666666,0.004714045207910321,0.0036076876591150417
qwen,qwen_500,24,3,225.17093340555826,0.29325271427442123,0.0013023559916867245,226.167,0.34039486874314,0.001505059839601445,224.49799999999996,0.2863994878952569,0.0012757329147487146,2.065,0.0029439202887759767,0.0014256272584871558,1.2923333333333333,0.005906681715556426,0.0045705558799766,0.7723333333333334,0.003299831645537225,0.004272548526806937,11.341033333333334,0.013396848717349643,0.001181272316515806,11.356133333333332,0.013911466094157303,0.0012250178547414,15.265533333333332,0.02739164511711975,0.0017943457669643435,18.836133333333333,0.05482896639145784,0.0029108397897369864,62.59666666666667,0.2027039439401435,0.003238254602590289,37.40333333333333,0.2027039439401435,0.005419408535963199,0.0,0.0,,1.33,0.008164965809277268,0.006139072037050578
